user_id,text,platform,date
1,هذا أفضل منتج استخدمته على الإطلاق!,Twitter,2024-02-01
2,لم يعجبني هذا الهاتف، بطاريته ضعيفة جدًا.,Facebook,2024-02-02
3,التجربة كانت عادية، لا شيء مميز.,Instagram,2024-02-03
4,الخدمة في المطعم كانت رائعة جدًا، سأعود مرة أخرى!,Amazon,2024-02-04
5,أسوأ تجربة مررت بها، لن أكررها أبدًا.,YouTube,2024-02-05
6,الشحن كان سريعًا جدًا، والمنتج مطابق للوصف.,Telegram,2024-02-06
7,الفيلم كان ممتعًا ولكن النهاية لم تكن جيدة.,eBay,2024-02-07
8,الملابس ذات جودة رديئة، لا أنصح بشرائها.,TripAdvisor,2024-02-08
9,الدعم الفني كان متعاونًا وسريع الاستجابة.,Booking,2024-02-09
10,الألوان في الصورة لم تكن واضحة كما توقعت.,Twitter,2024-02-10
11,التطبيق يتوقف عن العمل بشكل متكرر.,Facebook,2024-02-11
12,المكان كان هادئًا ومناسبًا للاسترخاء.,Instagram,2024-02-12
13,المكيف لا يعمل جيدًا، والحرارة مرتفعة جدًا.,Amazon,2024-02-13
14,لم أكن متأكدًا من الجودة ولكنها كانت جيدة بالفعل.,YouTube,2024-02-14
15,كانت الرحلة مذهلة، كل شيء كان منظمًا بشكل رائع!,Telegram,2024-02-15
16,الطعام كان سيئًا جدًا، لم أستطع أكله.,eBay,2024-02-16
17,الخدمة كانت بطيئة بعض الشيء، لكنها ليست سيئة.,TripAdvisor,2024-02-17
18,أحببت الهاتف الجديد، يعمل بسلاسة وكاميرته رائعة.,Booking,2024-02-18
19,واجهت العديد من المشاكل مع هذا الجهاز.,Twitter,2024-02-19
20,التجربة كانت مختلفة ولكنها ليست سيئة.,Facebook,2024-02-20
21,السيارة مريحة جدًا واقتصادية في الوقود.,Instagram,2024-02-21
22,الكتاب كان مملًا ولم أستطع إنهاءه.,Amazon,2024-02-22
23,كانت الواجهة صعبة الاستخدام ولكنني اعتدت عليها لاحقًا.,YouTube,2024-02-23
24,المنتج فاق توقعاتي بكثير، رائع جدًا!,Telegram,2024-02-24
25,لا أنصح بهذا المكان، الخدمة كانت سيئة.,eBay,2024-02-25
26,كان الطقس جميلًا، استمتعنا بالمشي في الحديقة.,TripAdvisor,2024-02-26
27,التطبيق لا يوفر جميع الميزات التي وعد بها.,Booking,2024-02-27
28,الحقائب كانت جميلة ولكنها ليست متينة كفاية.,Twitter,2024-02-28
29,الخدمة كانت ممتازة والموظفون ودودون جدًا.,Facebook,2024-02-29
30,الكمبيوتر يتعطل باستمرار، تجربة سيئة.,Instagram,2024-03-01
31,التصميم جميل لكن الأداء ليس كما توقعت.,Amazon,2024-03-02
32,هذا أحد أفضل المطاعم التي زرتها في حياتي!,YouTube,2024-03-03
33,لم يعمل الكود الترويجي كما هو متوقع.,Telegram,2024-03-04
34,الأداء متوسط، لم يكن هناك شيء مميز.,eBay,2024-03-05
35,التوصيل كان أسرع مما توقعت، رائع جدًا!,TripAdvisor,2024-03-06
36,الهاتف يسخن بسرعة عند تشغيل الألعاب.,Booking,2024-03-07
37,المقاعد كانت مريحة ولكن الطاولات صغيرة جدًا.,Twitter,2024-03-08
38,الخدمة لا تصدق، لقد حصلت على كل ما طلبته بسرعة.,Facebook,2024-03-09
39,البرنامج مليء بالأخطاء ولا يعمل بشكل جيد.,Instagram,2024-03-10
40,السعر مرتفع بعض الشيء ولكنه يستحق.,Amazon,2024-03-11
41,المكان نظيف جدًا والطعام شهي.,YouTube,2024-03-12
42,السماعات ضعيفة الصوت وغير مريحة.,Telegram,2024-03-13
43,الجودة معقولة مقابل السعر المدفوع.,eBay,2024-03-14
44,أفضل تجربة تسوق عبر الإنترنت مررت بها!,TripAdvisor,2024-03-15
45,التجربة لم تكن جيدة، لا أوصي بها.,Booking,2024-03-16
46,الكاميرا جيدة لكن تحتاج إلى بعض التحسينات.,Twitter,2024-03-17
47,كل شيء كان مثاليًا، أشعر بالسعادة حقًا!,Facebook,2024-03-18
48,لا أوصي بهذا المطعم، الطعام لم يكن طازجًا.,Instagram,2024-03-19
49,السيارة جميلة ولكنها تحتاج إلى صيانة متكررة.,Amazon,2024-03-20
50,هذا أفضل منتج استخدمته على الإطلاق!,YouTube,2024-03-21
51,تجربة ممتازة وسريعة!,Instagram,2024-02-10
52,تصميم أنيق وسهل الاستخدام!,TripAdvisor,2024-02-05
53,تصميم أنيق وسهل الاستخدام!,Telegram,2024-02-20
54,أداء ضعيف جدًا مقارنة بالمنافسين.,Facebook,2024-02-26
55,منتج رائع جدًا! أنصح الجميع به.,TripAdvisor,2024-02-14
56,أداء ضعيف جدًا مقارنة بالمنافسين.,eBay,2024-02-11
57,الخدمة كانت رائعة، سأعود للشراء مجددًا.,Facebook,2024-02-05
58,سعر مرتفع جدًا بالنسبة للجودة المقدمة.,Booking,2024-02-23
59,منتج رائع جدًا! أنصح الجميع به.,YouTube,2024-02-10
60,تصميم أنيق وسهل الاستخدام!,eBay,2024-02-02
61,أداء ضعيف جدًا مقارنة بالمنافسين.,Instagram,2024-02-06
62,لم يكن كما توقعت، كنت أريد جودة أفضل.,Facebook,2024-02-28
63,منتج رائع جدًا! أنصح الجميع به.,Facebook,2024-02-19
64,شحن سريع جدًا وخدمة زبائن ممتازة.,Amazon,2024-02-15
65,أداء ضعيف جدًا مقارنة بالمنافسين.,Facebook,2024-02-22
66,تجربة ممتازة وسريعة!,Booking,2024-02-24
67,تصميم أنيق وسهل الاستخدام!,Booking,2024-02-05
68,سعر مرتفع جدًا بالنسبة للجودة المقدمة.,Telegram,2024-02-03
69,جودة ضعيفة جدًا، لا أنصح به.,eBay,2024-02-02
70,أداء ضعيف جدًا مقارنة بالمنافسين.,Facebook,2024-03-02
71,الخدمة كانت رائعة، سأعود للشراء مجددًا.,Facebook,2024-02-20
72,تجربة ممتازة وسريعة!,Booking,2024-02-27
73,أداء ضعيف جدًا مقارنة بالمنافسين.,Twitter,2024-02-14
74,سعر مرتفع جدًا بالنسبة للجودة المقدمة.,Facebook,2024-02-14
75,شحن سريع جدًا وخدمة زبائن ممتازة.,YouTube,2024-03-01
76,سعر مرتفع جدًا بالنسبة للجودة المقدمة.,Booking,2024-02-05
77,أفضل مما توقعت، شكرًا لكم!,Amazon,2024-02-23
78,تجربة ممتازة وسريعة!,Twitter,2024-02-08
79,تصميم أنيق وسهل الاستخدام!,Booking,2024-02-05
80,تجربة ممتازة وسريعة!,TripAdvisor,2024-02-09
81,تجربة ممتازة وسريعة!,eBay,2024-02-14
82,أفضل مما توقعت، شكرًا لكم!,YouTube,2024-02-25
83,تصميم أنيق وسهل الاستخدام!,YouTube,2024-02-26
84,منتج رائع جدًا! أنصح الجميع به.,TripAdvisor,2024-03-02
85,شحن سريع جدًا وخدمة زبائن ممتازة.,Telegram,2024-02-18
86,أداء ضعيف جدًا مقارنة بالمنافسين.,Instagram,2024-02-27
87,الخدمة كانت رائعة، سأعود للشراء مجددًا.,TripAdvisor,2024-02-07
88,جودة ضعيفة جدًا، لا أنصح به.,Instagram,2024-02-25
89,شحن سريع جدًا وخدمة زبائن ممتازة.,Booking,2024-02-24
90,شحن سريع جدًا وخدمة زبائن ممتازة.,Facebook,2024-02-06
91,تجربة ممتازة وسريعة!,Amazon,2024-02-10
92,لم يكن كما توقعت، كنت أريد جودة أفضل.,eBay,2024-02-17
93,سعر مرتفع جدًا بالنسبة للجودة المقدمة.,Twitter,2024-02-06
94,تصميم أنيق وسهل الاستخدام!,YouTube,2024-02-07
95,أفضل مما توقعت، شكرًا لكم!,Telegram,2024-02-24
96,لم يكن كما توقعت، كنت أريد جودة أفضل.,Twitter,2024-02-25
97,جودة ضعيفة جدًا، لا أنصح به.,Facebook,2024-02-15
98,أداء ضعيف جدًا مقارنة بالمنافسين.,YouTube,2024-02-13
99,لم يكن كما توقعت، كنت أريد جودة أفضل.,Amazon,2024-02-26
100,أفضل مما توقعت، شكرًا لكم!,Telegram,2024-02-23
101,أفضل مما توقعت، شكرًا لكم!,Telegram,2024-02-09
102,جودة ضعيفة جدًا، لا أنصح به.,Twitter,2024-03-01
103,تجربة ممتازة وسريعة!,Instagram,2024-02-20
104,أفضل مما توقعت، شكرًا لكم!,Booking,2024-02-18
105,تجربة ممتازة وسريعة!,YouTube,2024-02-24
106,تصميم أنيق وسهل الاستخدام!,Twitter,2024-02-11
107,منتج رائع جدًا! أنصح الجميع به.,Amazon,2024-02-26
108,منتج رائع جدًا! أنصح الجميع به.,eBay,2024-02-11
109,تجربة ممتازة وسريعة!,Amazon,2024-02-06
110,أداء ضعيف جدًا مقارنة بالمنافسين.,Instagram,2024-03-01
111,لم يكن كما توقعت، كنت أريد جودة أفضل.,YouTube,2024-02-06
112,جودة ضعيفة جدًا، لا أنصح به.,Amazon,2024-02-23
113,الخدمة كانت رائعة، سأعود للشراء مجددًا.,eBay,2024-02-27
114,منتج رائع جدًا! أنصح الجميع به.,Amazon,2024-02-03
115,أداء ضعيف جدًا مقارنة بالمنافسين.,TripAdvisor,2024-02-21
116,أداء ضعيف جدًا مقارنة بالمنافسين.,Telegram,2024-02-22
117,الخدمة كانت رائعة، سأعود للشراء مجددًا.,Telegram,2024-02-26
118,أداء ضعيف جدًا مقارنة بالمنافسين.,Instagram,2024-02-21
119,تصميم أنيق وسهل الاستخدام!,Instagram,2024-02-11
120,أداء ضعيف جدًا مقارنة بالمنافسين.,Instagram,2024-02-22
121,شحن سريع جدًا وخدمة زبائن ممتازة.,TripAdvisor,2024-02-09
122,أداء ضعيف جدًا مقارنة بالمنافسين.,eBay,2024-03-01
123,جودة ضعيفة جدًا، لا أنصح به.,Telegram,2024-02-22
124,سعر مرتفع جدًا بالنسبة للجودة المقدمة.,Amazon,2024-02-22
125,أفضل مما توقعت، شكرًا لكم!,Twitter,2024-02-03
126,منتج رائع جدًا! أنصح الجميع به.,Telegram,2024-02-13
127,سعر مرتفع جدًا بالنسبة للجودة المقدمة.,Telegram,2024-02-12
128,منتج رائع جدًا! أنصح الجميع به.,Amazon,2024-02-07
129,تصميم أنيق وسهل الاستخدام!,Twitter,2024-02-08
130,شحن سريع جدًا وخدمة زبائن ممتازة.,eBay,2024-02-20
131,تجربة ممتازة وسريعة!,Instagram,2024-02-09
132,شحن سريع جدًا وخدمة زبائن ممتازة.,Twitter,2024-02-19
133,تجربة ممتازة وسريعة!,Facebook,2024-02-18
134,الخدمة كانت رائعة، سأعود للشراء مجددًا.,Twitter,2024-02-09
135,جودة ضعيفة جدًا، لا أنصح به.,Telegram,2024-02-29
136,جودة ضعيفة جدًا، لا أنصح به.,Telegram,2024-02-09
137,تصميم أنيق وسهل الاستخدام!,Facebook,2024-02-04
138,سعر مرتفع جدًا بالنسبة للجودة المقدمة.,Booking,2024-02-19
139,جودة ضعيفة جدًا، لا أنصح به.,Facebook,2024-02-11
140,تصميم أنيق وسهل الاستخدام!,TripAdvisor,2024-02-12
141,منتج رائع جدًا! أنصح الجميع به.,Booking,2024-02-12
142,تجربة ممتازة وسريعة!,Amazon,2024-02-13
143,شحن سريع جدًا وخدمة زبائن ممتازة.,TripAdvisor,2024-02-04
144,شحن سريع جدًا وخدمة زبائن ممتازة.,Twitter,2024-02-24
145,جودة ضعيفة جدًا، لا أنصح به.,Telegram,2024-02-04
146,أداء ضعيف جدًا مقارنة بالمنافسين.,eBay,2024-02-10
147,الخدمة كانت رائعة، سأعود للشراء مجددًا.,Instagram,2024-02-22
148,الخدمة كانت رائعة، سأعود للشراء مجددًا.,YouTube,2024-02-15
149,جودة ضعيفة جدًا، لا أنصح به.,Facebook,2024-02-05
150,منتج رائع جدًا! أنصح الجميع به.,eBay,2024-02-13
151,منتج رائع جدًا! أنصح الجميع به.,TripAdvisor,2024-02-02
152,تجربة ممتازة وسريعة!,eBay,2024-02-07
153,لم يكن كما توقعت، كنت أريد جودة أفضل.,Amazon,2024-02-19
154,تصميم أنيق وسهل الاستخدام!,Telegram,2024-02-25
155,أداء ضعيف جدًا مقارنة بالمنافسين.,Telegram,2024-02-08
156,أفضل مما توقعت، شكرًا لكم!,Twitter,2024-02-05
157,تجربة ممتازة وسريعة!,Facebook,2024-02-29
158,شحن سريع جدًا وخدمة زبائن ممتازة.,Amazon,2024-02-29
159,سعر مرتفع جدًا بالنسبة للجودة المقدمة.,TripAdvisor,2024-02-11
160,تصميم أنيق وسهل الاستخدام!,Booking,2024-02-20
161,الخدمة كانت رائعة، سأعود للشراء مجددًا.,YouTube,2024-02-07
162,شحن سريع جدًا وخدمة زبائن ممتازة.,TripAdvisor,2024-02-27
163,تجربة ممتازة وسريعة!,eBay,2024-02-05
164,أفضل مما توقعت، شكرًا لكم!,YouTube,2024-02-24
165,سعر مرتفع جدًا بالنسبة للجودة المقدمة.,Facebook,2024-02-21
166,شحن سريع جدًا وخدمة زبائن ممتازة.,Twitter,2024-02-07
167,منتج رائع جدًا! أنصح الجميع به.,Amazon,2024-02-17
168,أداء ضعيف جدًا مقارنة بالمنافسين.,Telegram,2024-02-21
169,أداء ضعيف جدًا مقارنة بالمنافسين.,Facebook,2024-03-01
170,شحن سريع جدًا وخدمة زبائن ممتازة.,eBay,2024-02-16
171,سعر مرتفع جدًا بالنسبة للجودة المقدمة.,TripAdvisor,2024-02-18
172,الخدمة كانت رائعة، سأعود للشراء مجددًا.,eBay,2024-03-01
173,تصميم أنيق وسهل الاستخدام!,Booking,2024-02-11
174,سعر مرتفع جدًا بالنسبة للجودة المقدمة.,Telegram,2024-02-28
175,الخدمة كانت رائعة، سأعود للشراء مجددًا.,Amazon,2024-02-25
176,أداء ضعيف جدًا مقارنة بالمنافسين.,Instagram,2024-02-05
177,الخدمة كانت رائعة، سأعود للشراء مجددًا.,Facebook,2024-02-20
178,الخدمة كانت رائعة، سأعود للشراء مجددًا.,YouTube,2024-02-06
179,أفضل مما توقعت، شكرًا لكم!,Booking,2024-02-07
180,تصميم أنيق وسهل الاستخدام!,Instagram,2024-02-03
181,منتج رائع جدًا! أنصح الجميع به.,Booking,2024-02-06
182,جودة ضعيفة جدًا، لا أنصح به.,eBay,2024-02-23
183,الخدمة كانت رائعة، سأعود للشراء مجددًا.,Amazon,2024-02-06
184,أداء ضعيف جدًا مقارنة بالمنافسين.,Facebook,2024-02-06
185,أداء ضعيف جدًا مقارنة بالمنافسين.,Amazon,2024-02-15
186,سعر مرتفع جدًا بالنسبة للجودة المقدمة.,Amazon,2024-02-02
187,شحن سريع جدًا وخدمة زبائن ممتازة.,TripAdvisor,2024-02-23
188,الخدمة كانت رائعة، سأعود للشراء مجددًا.,Amazon,2024-02-11
189,لم يكن كما توقعت، كنت أريد جودة أفضل.,YouTube,2024-02-07
190,جودة ضعيفة جدًا، لا أنصح به.,Amazon,2024-02-13
191,تجربة ممتازة وسريعة!,YouTube,2024-02-25
192,سعر مرتفع جدًا بالنسبة للجودة المقدمة.,Amazon,2024-02-04
193,سعر مرتفع جدًا بالنسبة للجودة المقدمة.,TripAdvisor,2024-02-28
194,لم يكن كما توقعت، كنت أريد جودة أفضل.,Telegram,2024-02-29
195,أداء ضعيف جدًا مقارنة بالمنافسين.,YouTube,2024-02-15
196,تجربة ممتازة وسريعة!,YouTube,2024-02-16
197,تصميم أنيق وسهل الاستخدام!,Telegram,2024-02-04
198,أفضل مما توقعت، شكرًا لكم!,Booking,2024-02-23
199,أفضل مما توقعت، شكرًا لكم!,Amazon,2024-02-25
200,جودة ضعيفة جدًا، لا أنصح به.,TripAdvisor,2024-02-02
201,أداء ضعيف جدًا مقارنة بالمنافسين.,TripAdvisor,2024-02-09
202,شحن سريع جدًا وخدمة زبائن ممتازة.,eBay,2024-03-01
203,منتج رائع جدًا! أنصح الجميع به.,YouTube,2024-02-19
204,سعر مرتفع جدًا بالنسبة للجودة المقدمة.,TripAdvisor,2024-02-24
205,منتج رائع جدًا! أنصح الجميع به.,Facebook,2024-02-18
206,سعر مرتفع جدًا بالنسبة للجودة المقدمة.,eBay,2024-02-08
207,الخدمة كانت رائعة، سأعود للشراء مجددًا.,YouTube,2024-02-06
208,شحن سريع جدًا وخدمة زبائن ممتازة.,Telegram,2024-02-16
209,تجربة ممتازة وسريعة!,Booking,2024-03-01
210,الخدمة كانت رائعة، سأعود للشراء مجددًا.,Facebook,2024-03-02
211,لم يكن كما توقعت، كنت أريد جودة أفضل.,Telegram,2024-02-02
212,جودة ضعيفة جدًا، لا أنصح به.,eBay,2024-02-11
213,الخدمة كانت رائعة، سأعود للشراء مجددًا.,eBay,2024-02-17
214,منتج رائع جدًا! أنصح الجميع به.,Amazon,2024-02-27
215,أفضل مما توقعت، شكرًا لكم!,Facebook,2024-02-17
216,شحن سريع جدًا وخدمة زبائن ممتازة.,Telegram,2024-02-11
217,أداء ضعيف جدًا مقارنة بالمنافسين.,YouTube,2024-02-07
218,أداء ضعيف جدًا مقارنة بالمنافسين.,Instagram,2024-02-06
219,تجربة ممتازة وسريعة!,YouTube,2024-02-12
220,منتج رائع جدًا! أنصح الجميع به.,TripAdvisor,2024-02-04
221,سعر مرتفع جدًا بالنسبة للجودة المقدمة.,YouTube,2024-02-11
222,سعر مرتفع جدًا بالنسبة للجودة المقدمة.,TripAdvisor,2024-02-22
223,منتج رائع جدًا! أنصح الجميع به.,Telegram,2024-02-27
224,أفضل مما توقعت، شكرًا لكم!,Twitter,2024-02-02
225,لم يكن كما توقعت، كنت أريد جودة أفضل.,Twitter,2024-02-29
226,الخدمة كانت رائعة، سأعود للشراء مجددًا.,Booking,2024-02-16
227,أفضل مما توقعت، شكرًا لكم!,Amazon,2024-02-05
228,الخدمة كانت رائعة، سأعود للشراء مجددًا.,Telegram,2024-03-02
229,لم يكن كما توقعت، كنت أريد جودة أفضل.,eBay,2024-02-02
230,لم يكن كما توقعت، كنت أريد جودة أفضل.,Telegram,2024-02-29
231,شحن سريع جدًا وخدمة زبائن ممتازة.,Booking,2024-02-06
232,جودة ضعيفة جدًا، لا أنصح به.,Booking,2024-02-21
233,منتج رائع جدًا! أنصح الجميع به.,Instagram,2024-02-07
234,شحن سريع جدًا وخدمة زبائن ممتازة.,Telegram,2024-02-25
235,أفضل مما توقعت، شكرًا لكم!,Instagram,2024-02-14
236,الخدمة كانت رائعة، سأعود للشراء مجددًا.,YouTube,2024-02-25
237,الخدمة كانت رائعة، سأعود للشراء مجددًا.,YouTube,2024-02-04
238,تجربة ممتازة وسريعة!,Booking,2024-02-20
239,لم يكن كما توقعت، كنت أريد جودة أفضل.,Facebook,2024-02-18
240,تجربة ممتازة وسريعة!,TripAdvisor,2024-02-07
241,لم يكن كما توقعت، كنت أريد جودة أفضل.,Booking,2024-02-28
242,أفضل مما توقعت، شكرًا لكم!,Twitter,2024-02-22
243,أفضل مما توقعت، شكرًا لكم!,Twitter,2024-03-01
244,جودة ضعيفة جدًا، لا أنصح به.,Twitter,2024-02-22
245,شحن سريع جدًا وخدمة زبائن ممتازة.,Amazon,2024-02-28
246,جودة ضعيفة جدًا، لا أنصح به.,Twitter,2024-02-02
247,تصميم أنيق وسهل الاستخدام!,Instagram,2024-02-08
248,الخدمة كانت رائعة، سأعود للشراء مجددًا.,Amazon,2024-02-25
249,جودة ضعيفة جدًا، لا أنصح به.,Amazon,2024-02-25
250,تجربة ممتازة وسريعة!,Booking,2024-02-19
251,جودة ضعيفة جدًا، لا أنصح به.,TripAdvisor,2024-02-15
252,أفضل مما توقعت، شكرًا لكم!,TripAdvisor,2024-02-16
253,تجربة ممتازة وسريعة!,Amazon,2024-02-02
254,تجربة ممتازة وسريعة!,YouTube,2024-02-02
255,منتج رائع جدًا! أنصح الجميع به.,Booking,2024-02-02
256,جودة ضعيفة جدًا، لا أنصح به.,Booking,2024-02-04
257,سعر مرتفع جدًا بالنسبة للجودة المقدمة.,Twitter,2024-02-16
258,جودة ضعيفة جدًا، لا أنصح به.,Amazon,2024-02-16
259,أداء ضعيف جدًا مقارنة بالمنافسين.,TripAdvisor,2024-02-02
260,سعر مرتفع جدًا بالنسبة للجودة المقدمة.,YouTube,2024-03-02
261,لم يكن كما توقعت، كنت أريد جودة أفضل.,YouTube,2024-02-21
262,جودة ضعيفة جدًا، لا أنصح به.,Telegram,2024-02-19
263,جودة ضعيفة جدًا، لا أنصح به.,Instagram,2024-02-07
264,جودة ضعيفة جدًا، لا أنصح به.,Booking,2024-02-12
265,تصميم أنيق وسهل الاستخدام!,Instagram,2024-02-21
266,سعر مرتفع جدًا بالنسبة للجودة المقدمة.,Telegram,2024-02-12
267,جودة ضعيفة جدًا، لا أنصح به.,Facebook,2024-02-25
268,أداء ضعيف جدًا مقارنة بالمنافسين.,Instagram,2024-02-17
269,الخدمة كانت رائعة، سأعود للشراء مجددًا.,Twitter,2024-02-10
270,تجربة ممتازة وسريعة!,Instagram,2024-02-17
271,أداء ضعيف جدًا مقارنة بالمنافسين.,Telegram,2024-02-07
272,الخدمة كانت رائعة، سأعود للشراء مجددًا.,Booking,2024-02-24
273,تصميم أنيق وسهل الاستخدام!,Instagram,2024-02-03
274,أفضل مما توقعت، شكرًا لكم!,Twitter,2024-02-29
275,تصميم أنيق وسهل الاستخدام!,Instagram,2024-02-29
276,الخدمة كانت رائعة، سأعود للشراء مجددًا.,Instagram,2024-02-27
277,سعر مرتفع جدًا بالنسبة للجودة المقدمة.,Instagram,2024-02-27
278,شحن سريع جدًا وخدمة زبائن ممتازة.,Amazon,2024-03-02
279,لم يكن كما توقعت، كنت أريد جودة أفضل.,Instagram,2024-02-29
280,لم يكن كما توقعت، كنت أريد جودة أفضل.,Instagram,2024-02-25
281,تصميم أنيق وسهل الاستخدام!,TripAdvisor,2024-02-12
282,لم يكن كما توقعت، كنت أريد جودة أفضل.,eBay,2024-02-19
283,تصميم أنيق وسهل الاستخدام!,Amazon,2024-02-14
284,أداء ضعيف جدًا مقارنة بالمنافسين.,Twitter,2024-02-27
285,الخدمة كانت رائعة، سأعود للشراء مجددًا.,Amazon,2024-02-10
286,لم يكن كما توقعت، كنت أريد جودة أفضل.,YouTube,2024-02-11
287,شحن سريع جدًا وخدمة زبائن ممتازة.,eBay,2024-02-21
288,أداء ضعيف جدًا مقارنة بالمنافسين.,Telegram,2024-02-21
289,لم يكن كما توقعت، كنت أريد جودة أفضل.,Booking,2024-02-24
290,منتج رائع جدًا! أنصح الجميع به.,YouTube,2024-02-25
291,تصميم أنيق وسهل الاستخدام!,Facebook,2024-02-11
292,جودة ضعيفة جدًا، لا أنصح به.,Twitter,2024-02-07
293,تجربة ممتازة وسريعة!,Instagram,2024-02-18
294,أداء ضعيف جدًا مقارنة بالمنافسين.,eBay,2024-02-21
295,لم يكن كما توقعت، كنت أريد جودة أفضل.,Facebook,2024-02-12
296,شحن سريع جدًا وخدمة زبائن ممتازة.,eBay,2024-02-15
297,منتج رائع جدًا! أنصح الجميع به.,eBay,2024-02-07
298,الخدمة كانت رائعة، سأعود للشراء مجددًا.,Amazon,2024-02-27
299,منتج رائع جدًا! أنصح الجميع به.,Twitter,2024-02-07
300,شحن سريع جدًا وخدمة زبائن ممتازة.,Twitter,2024-02-25
301,تصميم أنيق وسهل الاستخدام!,Facebook,2024-02-07
302,سعر مرتفع جدًا بالنسبة للجودة المقدمة.,Facebook,2024-02-10
303,منتج رائع جدًا! أنصح الجميع به.,Telegram,2024-03-01
304,لم يكن كما توقعت، كنت أريد جودة أفضل.,Amazon,2024-02-21
305,أداء ضعيف جدًا مقارنة بالمنافسين.,eBay,2024-02-28
306,شحن سريع جدًا وخدمة زبائن ممتازة.,Telegram,2024-02-18
307,سعر مرتفع جدًا بالنسبة للجودة المقدمة.,eBay,2024-02-10
308,لم يكن كما توقعت، كنت أريد جودة أفضل.,YouTube,2024-02-11
309,أداء ضعيف جدًا مقارنة بالمنافسين.,eBay,2024-02-04
310,تصميم أنيق وسهل الاستخدام!,Facebook,2024-02-09
311,شحن سريع جدًا وخدمة زبائن ممتازة.,eBay,2024-02-23
312,لم يكن كما توقعت، كنت أريد جودة أفضل.,eBay,2024-02-21
313,سعر مرتفع جدًا بالنسبة للجودة المقدمة.,Facebook,2024-02-11
314,أفضل مما توقعت، شكرًا لكم!,Telegram,2024-02-18
315,الخدمة كانت رائعة، سأعود للشراء مجددًا.,Twitter,2024-03-01
316,تجربة ممتازة وسريعة!,Booking,2024-02-16
317,تصميم أنيق وسهل الاستخدام!,Twitter,2024-02-03
318,الخدمة كانت رائعة، سأعود للشراء مجددًا.,Booking,2024-02-18
319,لم يكن كما توقعت، كنت أريد جودة أفضل.,Booking,2024-02-26
320,أفضل مما توقعت، شكرًا لكم!,Instagram,2024-02-04
321,منتج رائع جدًا! أنصح الجميع به.,Amazon,2024-02-22
322,أفضل مما توقعت، شكرًا لكم!,eBay,2024-02-08
323,تصميم أنيق وسهل الاستخدام!,eBay,2024-02-16
324,منتج رائع جدًا! أنصح الجميع به.,eBay,2024-02-27
325,منتج رائع جدًا! أنصح الجميع به.,Amazon,2024-02-23
326,لم يكن كما توقعت، كنت أريد جودة أفضل.,Amazon,2024-02-12
327,منتج رائع جدًا! أنصح الجميع به.,TripAdvisor,2024-02-24
328,سعر مرتفع جدًا بالنسبة للجودة المقدمة.,Telegram,2024-02-15
329,جودة ضعيفة جدًا، لا أنصح به.,Instagram,2024-03-01
330,الخدمة كانت رائعة، سأعود للشراء مجددًا.,Telegram,2024-02-10
331,جودة ضعيفة جدًا، لا أنصح به.,Twitter,2024-02-21
332,سعر مرتفع جدًا بالنسبة للجودة المقدمة.,Booking,2024-03-02
333,تصميم أنيق وسهل الاستخدام!,Booking,2024-03-01
334,تجربة ممتازة وسريعة!,eBay,2024-02-18
335,سعر مرتفع جدًا بالنسبة للجودة المقدمة.,Amazon,2024-02-14
336,لم يكن كما توقعت، كنت أريد جودة أفضل.,Booking,2024-02-04
337,جودة ضعيفة جدًا، لا أنصح به.,Instagram,2024-02-10
338,لم يكن كما توقعت، كنت أريد جودة أفضل.,eBay,2024-02-20
339,لم يكن كما توقعت، كنت أريد جودة أفضل.,Twitter,2024-02-08
340,لم يكن كما توقعت، كنت أريد جودة أفضل.,eBay,2024-03-02
341,الخدمة كانت رائعة، سأعود للشراء مجددًا.,TripAdvisor,2024-02-17
342,أفضل مما توقعت، شكرًا لكم!,YouTube,2024-02-17
343,سعر مرتفع جدًا بالنسبة للجودة المقدمة.,YouTube,2024-02-25
344,أداء ضعيف جدًا مقارنة بالمنافسين.,Instagram,2024-02-17
345,تصميم أنيق وسهل الاستخدام!,Amazon,2024-02-25
346,أفضل مما توقعت، شكرًا لكم!,eBay,2024-02-26
347,منتج رائع جدًا! أنصح الجميع به.,TripAdvisor,2024-02-05
348,جودة ضعيفة جدًا، لا أنصح به.,Twitter,2024-02-03
349,لم يكن كما توقعت، كنت أريد جودة أفضل.,Booking,2024-02-20
350,أفضل مما توقعت، شكرًا لكم!,TripAdvisor,2024-02-14
351,سعر مرتفع جدًا بالنسبة للجودة المقدمة.,Amazon,2024-02-06
352,جودة ضعيفة جدًا، لا أنصح به.,TripAdvisor,2024-02-11
353,جودة ضعيفة جدًا، لا أنصح به.,Facebook,2024-02-06
354,الخدمة كانت رائعة، سأعود للشراء مجددًا.,Twitter,2024-02-15
355,لم يكن كما توقعت، كنت أريد جودة أفضل.,TripAdvisor,2024-02-25
356,الخدمة كانت رائعة، سأعود للشراء مجددًا.,TripAdvisor,2024-02-05
357,أداء ضعيف جدًا مقارنة بالمنافسين.,YouTube,2024-02-08
358,سعر مرتفع جدًا بالنسبة للجودة المقدمة.,Booking,2024-02-12
359,جودة ضعيفة جدًا، لا أنصح به.,Instagram,2024-02-19
360,الخدمة كانت رائعة، سأعود للشراء مجددًا.,Instagram,2024-02-14
361,تجربة ممتازة وسريعة!,Facebook,2024-02-22
362,تصميم أنيق وسهل الاستخدام!,Amazon,2024-02-11
363,تصميم أنيق وسهل الاستخدام!,eBay,2024-02-06
364,أفضل مما توقعت، شكرًا لكم!,Booking,2024-02-10
365,تجربة ممتازة وسريعة!,Booking,2024-02-12
366,منتج رائع جدًا! أنصح الجميع به.,Twitter,2024-02-29
367,لم يكن كما توقعت، كنت أريد جودة أفضل.,Facebook,2024-02-29
368,سعر مرتفع جدًا بالنسبة للجودة المقدمة.,YouTube,2024-02-06
369,منتج رائع جدًا! أنصح الجميع به.,TripAdvisor,2024-02-19
370,تجربة ممتازة وسريعة!,YouTube,2024-02-26
371,منتج رائع جدًا! أنصح الجميع به.,Instagram,2024-02-02
372,لم يكن كما توقعت، كنت أريد جودة أفضل.,Facebook,2024-02-11
373,الخدمة كانت رائعة، سأعود للشراء مجددًا.,Instagram,2024-02-03
374,تجربة ممتازة وسريعة!,Instagram,2024-02-18
375,سعر مرتفع جدًا بالنسبة للجودة المقدمة.,YouTube,2024-02-22
376,لم يكن كما توقعت، كنت أريد جودة أفضل.,eBay,2024-02-02
377,تصميم أنيق وسهل الاستخدام!,Telegram,2024-02-19
378,منتج رائع جدًا! أنصح الجميع به.,Twitter,2024-02-04
379,تصميم أنيق وسهل الاستخدام!,Facebook,2024-02-13
380,الخدمة كانت رائعة، سأعود للشراء مجددًا.,Amazon,2024-02-27
381,تصميم أنيق وسهل الاستخدام!,eBay,2024-02-09
382,شحن سريع جدًا وخدمة زبائن ممتازة.,Facebook,2024-02-07
383,تجربة ممتازة وسريعة!,Instagram,2024-02-04
384,جودة ضعيفة جدًا، لا أنصح به.,TripAdvisor,2024-02-17
385,شحن سريع جدًا وخدمة زبائن ممتازة.,YouTube,2024-02-25
386,تصميم أنيق وسهل الاستخدام!,TripAdvisor,2024-02-28
387,سعر مرتفع جدًا بالنسبة للجودة المقدمة.,Instagram,2024-02-13
388,شحن سريع جدًا وخدمة زبائن ممتازة.,eBay,2024-02-16
389,شحن سريع جدًا وخدمة زبائن ممتازة.,TripAdvisor,2024-02-14
390,أداء ضعيف جدًا مقارنة بالمنافسين.,Booking,2024-02-09
391,شحن سريع جدًا وخدمة زبائن ممتازة.,Twitter,2024-02-22
392,لم يكن كما توقعت، كنت أريد جودة أفضل.,Facebook,2024-02-20
393,تصميم أنيق وسهل الاستخدام!,Booking,2024-02-07
394,شحن سريع جدًا وخدمة زبائن ممتازة.,Facebook,2024-02-12
395,سعر مرتفع جدًا بالنسبة للجودة المقدمة.,Twitter,2024-02-28
396,تصميم أنيق وسهل الاستخدام!,TripAdvisor,2024-02-02
397,تصميم أنيق وسهل الاستخدام!,Facebook,2024-02-06
398,منتج رائع جدًا! أنصح الجميع به.,Booking,2024-02-20
399,أفضل مما توقعت، شكرًا لكم!,eBay,2024-02-06
400,أفضل مما توقعت، شكرًا لكم!,Amazon,2024-02-05
401,تصميم أنيق وسهل الاستخدام!,Twitter,2024-02-20
402,أداء ضعيف جدًا مقارنة بالمنافسين.,Telegram,2024-02-12
403,أداء ضعيف جدًا مقارنة بالمنافسين.,Telegram,2024-02-03
404,الخدمة كانت رائعة، سأعود للشراء مجددًا.,Booking,2024-02-14
405,أداء ضعيف جدًا مقارنة بالمنافسين.,TripAdvisor,2024-02-05
406,أفضل مما توقعت، شكرًا لكم!,Facebook,2024-02-15
407,تصميم أنيق وسهل الاستخدام!,YouTube,2024-02-17
408,سعر مرتفع جدًا بالنسبة للجودة المقدمة.,Instagram,2024-02-22
409,تجربة ممتازة وسريعة!,Instagram,2024-03-01
410,جودة ضعيفة جدًا، لا أنصح به.,Booking,2024-02-11
411,أداء ضعيف جدًا مقارنة بالمنافسين.,Amazon,2024-02-09
412,شحن سريع جدًا وخدمة زبائن ممتازة.,Twitter,2024-02-17
413,تجربة ممتازة وسريعة!,Amazon,2024-02-08
414,جودة ضعيفة جدًا، لا أنصح به.,Instagram,2024-02-11
415,أفضل مما توقعت، شكرًا لكم!,YouTube,2024-02-26
416,تصميم أنيق وسهل الاستخدام!,TripAdvisor,2024-02-16
417,الخدمة كانت رائعة، سأعود للشراء مجددًا.,YouTube,2024-02-12
418,منتج رائع جدًا! أنصح الجميع به.,Facebook,2024-02-07
419,الخدمة كانت رائعة، سأعود للشراء مجددًا.,YouTube,2024-03-02
420,أداء ضعيف جدًا مقارنة بالمنافسين.,Amazon,2024-02-21
421,منتج رائع جدًا! أنصح الجميع به.,Facebook,2024-02-23
422,جودة ضعيفة جدًا، لا أنصح به.,Amazon,2024-02-22
423,الخدمة كانت رائعة، سأعود للشراء مجددًا.,Amazon,2024-02-03
424,جودة ضعيفة جدًا، لا أنصح به.,YouTube,2024-02-12
425,الخدمة كانت رائعة، سأعود للشراء مجددًا.,TripAdvisor,2024-02-11
426,سعر مرتفع جدًا بالنسبة للجودة المقدمة.,Telegram,2024-02-13
427,لم يكن كما توقعت، كنت أريد جودة أفضل.,TripAdvisor,2024-02-10
428,تجربة ممتازة وسريعة!,YouTube,2024-02-15
429,تجربة ممتازة وسريعة!,YouTube,2024-02-23
430,جودة ضعيفة جدًا، لا أنصح به.,Instagram,2024-02-28
431,أداء ضعيف جدًا مقارنة بالمنافسين.,eBay,2024-02-14
432,منتج رائع جدًا! أنصح الجميع به.,Facebook,2024-02-23
433,سعر مرتفع جدًا بالنسبة للجودة المقدمة.,Booking,2024-02-17
434,أفضل مما توقعت، شكرًا لكم!,TripAdvisor,2024-02-18
435,أداء ضعيف جدًا مقارنة بالمنافسين.,Twitter,2024-02-07
436,تجربة ممتازة وسريعة!,Amazon,2024-02-18
437,أفضل مما توقعت، شكرًا لكم!,Amazon,2024-02-07
438,الخدمة كانت رائعة، سأعود للشراء مجددًا.,Booking,2024-02-23
439,لم يكن كما توقعت، كنت أريد جودة أفضل.,YouTube,2024-02-06
440,سعر مرتفع جدًا بالنسبة للجودة المقدمة.,Instagram,2024-02-28
441,تجربة ممتازة وسريعة!,Booking,2024-02-29
442,أفضل مما توقعت، شكرًا لكم!,eBay,2024-02-03
443,أداء ضعيف جدًا مقارنة بالمنافسين.,Amazon,2024-02-25
444,سعر مرتفع جدًا بالنسبة للجودة المقدمة.,Facebook,2024-02-07
445,سعر مرتفع جدًا بالنسبة للجودة المقدمة.,eBay,2024-02-20
446,أفضل مما توقعت، شكرًا لكم!,eBay,2024-03-01
447,أفضل مما توقعت، شكرًا لكم!,YouTube,2024-02-11
448,منتج رائع جدًا! أنصح الجميع به.,Twitter,2024-02-27
449,تجربة ممتازة وسريعة!,Telegram,2024-02-14
450,سعر مرتفع جدًا بالنسبة للجودة المقدمة.,Twitter,2024-02-24
451,الخدمة كانت رائعة، سأعود للشراء مجددًا.,Amazon,2024-02-17
452,تجربة ممتازة وسريعة!,Twitter,2024-02-19
453,منتج رائع جدًا! أنصح الجميع به.,TripAdvisor,2024-02-03
454,أداء ضعيف جدًا مقارنة بالمنافسين.,eBay,2024-02-25
455,أداء ضعيف جدًا مقارنة بالمنافسين.,Booking,2024-02-02
456,أفضل مما توقعت، شكرًا لكم!,YouTube,2024-02-25
457,تجربة ممتازة وسريعة!,Instagram,2024-02-05
458,أفضل مما توقعت، شكرًا لكم!,Amazon,2024-02-27
459,أداء ضعيف جدًا مقارنة بالمنافسين.,YouTube,2024-02-10
460,لم يكن كما توقعت، كنت أريد جودة أفضل.,Twitter,2024-02-27
461,أفضل مما توقعت، شكرًا لكم!,TripAdvisor,2024-03-02
462,أداء ضعيف جدًا مقارنة بالمنافسين.,Twitter,2024-02-08
463,تصميم أنيق وسهل الاستخدام!,Amazon,2024-02-15
464,تجربة ممتازة وسريعة!,Telegram,2024-02-27
465,أداء ضعيف جدًا مقارنة بالمنافسين.,Instagram,2024-02-23
466,شحن سريع جدًا وخدمة زبائن ممتازة.,Amazon,2024-02-15
467,أفضل مما توقعت، شكرًا لكم!,Amazon,2024-02-02
468,الخدمة كانت رائعة، سأعود للشراء مجددًا.,Twitter,2024-02-28
469,جودة ضعيفة جدًا، لا أنصح به.,Booking,2024-02-15
470,تصميم أنيق وسهل الاستخدام!,Telegram,2024-02-10
471,جودة ضعيفة جدًا، لا أنصح به.,Twitter,2024-02-08
472,تجربة ممتازة وسريعة!,Facebook,2024-02-20
473,تجربة ممتازة وسريعة!,Booking,2024-02-13
474,لم يكن كما توقعت، كنت أريد جودة أفضل.,TripAdvisor,2024-02-17
475,تجربة ممتازة وسريعة!,eBay,2024-03-01
476,تصميم أنيق وسهل الاستخدام!,eBay,2024-02-24
477,جودة ضعيفة جدًا، لا أنصح به.,Instagram,2024-02-28
478,أفضل مما توقعت، شكرًا لكم!,Booking,2024-02-19
479,لم يكن كما توقعت، كنت أريد جودة أفضل.,TripAdvisor,2024-02-25
480,أداء ضعيف جدًا مقارنة بالمنافسين.,YouTube,2024-03-01
481,جودة ضعيفة جدًا، لا أنصح به.,Booking,2024-02-06
482,شحن سريع جدًا وخدمة زبائن ممتازة.,Booking,2024-02-27
483,منتج رائع جدًا! أنصح الجميع به.,Facebook,2024-02-22
484,تصميم أنيق وسهل الاستخدام!,Telegram,2024-02-11
485,أفضل مما توقعت، شكرًا لكم!,Facebook,2024-02-20
486,تصميم أنيق وسهل الاستخدام!,Twitter,2024-02-13
487,منتج رائع جدًا! أنصح الجميع به.,Telegram,2024-03-02
488,جودة ضعيفة جدًا، لا أنصح به.,Booking,2024-02-02
489,سعر مرتفع جدًا بالنسبة للجودة المقدمة.,Twitter,2024-02-18
490,شحن سريع جدًا وخدمة زبائن ممتازة.,Instagram,2024-02-06
491,جودة ضعيفة جدًا، لا أنصح به.,TripAdvisor,2024-02-05
492,شحن سريع جدًا وخدمة زبائن ممتازة.,YouTube,2024-03-01
493,أفضل مما توقعت، شكرًا لكم!,Facebook,2024-02-26
494,أداء ضعيف جدًا مقارنة بالمنافسين.,Facebook,2024-02-16
495,منتج رائع جدًا! أنصح الجميع به.,Facebook,2024-02-20
496,لم يكن كما توقعت، كنت أريد جودة أفضل.,YouTube,2024-02-15
497,لم يكن كما توقعت، كنت أريد جودة أفضل.,Twitter,2024-02-18
498,شحن سريع جدًا وخدمة زبائن ممتازة.,Twitter,2024-02-09
499,أفضل مما توقعت، شكرًا لكم!,Booking,2024-02-22
500,تجربة ممتازة وسريعة!,Amazon,2024-02-21
501,تصميم أنيق وسهل الاستخدام!,YouTube,2024-02-15
502,أفضل مما توقعت، شكرًا لكم!,eBay,2024-02-15
503,جودة ضعيفة جدًا، لا أنصح به.,Booking,2024-02-11
504,الخدمة كانت رائعة، سأعود للشراء مجددًا.,eBay,2024-02-04
505,تجربة ممتازة وسريعة!,TripAdvisor,2024-02-22
506,شحن سريع جدًا وخدمة زبائن ممتازة.,Twitter,2024-03-02
507,أفضل مما توقعت، شكرًا لكم!,eBay,2024-02-17
508,الخدمة كانت رائعة، سأعود للشراء مجددًا.,Twitter,2024-02-09
509,الخدمة كانت رائعة، سأعود للشراء مجددًا.,Telegram,2024-02-24
510,منتج رائع جدًا! أنصح الجميع به.,Twitter,2024-03-02
511,أفضل مما توقعت، شكرًا لكم!,Facebook,2024-02-07
512,تجربة ممتازة وسريعة!,TripAdvisor,2024-02-18
513,أفضل مما توقعت، شكرًا لكم!,Booking,2024-02-20
514,منتج رائع جدًا! أنصح الجميع به.,Telegram,2024-02-10
515,لم يكن كما توقعت، كنت أريد جودة أفضل.,Booking,2024-02-03
516,تجربة ممتازة وسريعة!,Booking,2024-02-05
517,الخدمة كانت رائعة، سأعود للشراء مجددًا.,Instagram,2024-02-23
518,تجربة ممتازة وسريعة!,Twitter,2024-02-18
519,أفضل مما توقعت، شكرًا لكم!,Twitter,2024-02-15
520,سعر مرتفع جدًا بالنسبة للجودة المقدمة.,Twitter,2024-02-10
521,تجربة ممتازة وسريعة!,Booking,2024-02-10
522,جودة ضعيفة جدًا، لا أنصح به.,eBay,2024-02-13
523,أفضل مما توقعت، شكرًا لكم!,Instagram,2024-02-29
524,تصميم أنيق وسهل الاستخدام!,Amazon,2024-02-06
525,شحن سريع جدًا وخدمة زبائن ممتازة.,TripAdvisor,2024-02-13
526,أفضل مما توقعت، شكرًا لكم!,Twitter,2024-02-20
527,شحن سريع جدًا وخدمة زبائن ممتازة.,eBay,2024-02-11
528,أداء ضعيف جدًا مقارنة بالمنافسين.,Telegram,2024-02-09
529,أداء ضعيف جدًا مقارنة بالمنافسين.,eBay,2024-02-14
530,تجربة ممتازة وسريعة!,Telegram,2024-02-11
531,الخدمة كانت رائعة، سأعود للشراء مجددًا.,YouTube,2024-02-20
532,شحن سريع جدًا وخدمة زبائن ممتازة.,YouTube,2024-02-02
533,سعر مرتفع جدًا بالنسبة للجودة المقدمة.,eBay,2024-02-11
534,منتج رائع جدًا! أنصح الجميع به.,Booking,2024-02-18
535,تصميم أنيق وسهل الاستخدام!,Twitter,2024-02-12
536,الخدمة كانت رائعة، سأعود للشراء مجددًا.,Amazon,2024-02-02
537,سعر مرتفع جدًا بالنسبة للجودة المقدمة.,Instagram,2024-02-11
538,تجربة ممتازة وسريعة!,TripAdvisor,2024-02-02
539,الخدمة كانت رائعة، سأعود للشراء مجددًا.,Amazon,2024-02-15
540,لم يكن كما توقعت، كنت أريد جودة أفضل.,eBay,2024-02-09
541,تصميم أنيق وسهل الاستخدام!,eBay,2024-02-13
542,شحن سريع جدًا وخدمة زبائن ممتازة.,YouTube,2024-02-27
543,تجربة ممتازة وسريعة!,Twitter,2024-02-07
544,سعر مرتفع جدًا بالنسبة للجودة المقدمة.,eBay,2024-02-16
545,أفضل مما توقعت، شكرًا لكم!,Booking,2024-02-10
546,منتج رائع جدًا! أنصح الجميع به.,Twitter,2024-02-26
547,الخدمة كانت رائعة، سأعود للشراء مجددًا.,Telegram,2024-03-02
548,أفضل مما توقعت، شكرًا لكم!,Facebook,2024-02-10
549,جودة ضعيفة جدًا، لا أنصح به.,TripAdvisor,2024-02-28
550,جودة ضعيفة جدًا، لا أنصح به.,eBay,2024-02-27
